Segment,Spend ($),Revenue ($),Conversions,Impressions,Clicks,ROAS,CPA,CTR,Revenue_Share
Local,10419748.27,85980425.12,285882,606235027,9784084,8.25167968477227,36.44772413093514,1.6139093856746092,31.950579558197113
Same Day,9036682.39,68204131.44,280148,581646245,10096008,7.547474670070815,32.256815647443496,1.7357643218344856,25.34485639876832
Drive & Overnight,7353547.75,53540359.64,280361,604830857,10033401,7.2808882814421105,26.22885404888697,1.6588771693571183,19.895755549763972
Domestic,5461932.77,36202740.58,251221,617687849,9940608,6.628192272677864,21.74154537240119,1.6093254895807412,13.453045172918085
International,3775695.66,25176773.59,255114,591724249,10046283,6.6681151917842865,14.800033161645382,1.6977980904074799,9.355763320352501
