Segment,Spend ($),Revenue ($),Conversions,Impressions,Clicks,ROAS,CPA,CTR,Revenue_Share
Local,263139334.76,2067718220.97,3197658,7198722237,117403689,7.857883439797749,82.29126903502501,1.6308962220624155,34.014389463285134
Same Day,216499168.06,1597641448.19,2946658,7151488541,118584038,7.379434584003731,73.47278444257867,1.658172803048612,26.281529992964153
Drive & Overnight,174501752.35,1157461448.2,2731222,7243033791,118678898,6.632950286243931,63.89145677282916,1.6385247042125806,19.040478576110612
Domestic,130308197.37,784602660.13,2501889,7191904747,118366736,6.021130488837795,52.08392433477265,1.6458329213742018,12.9068749237368
International,87262486.15,471527670.99,2271846,7206496127,118756803,5.403555316765405,38.4103879180191,1.6479132286641134,7.756727043903308
