Issue_Type,Records_Affected,Percentage_of_Total
Impossible CTR,349,0.38572060123784263
Impossible Conversion Rate,31757,35.098364279398766
Missing Platform Data,15600,17.24137931034483
Extreme CTR Outliers,349,0.38572060123784263
Extreme ROAS Outliers,2851,3.150972590627763
Extreme CPA Outliers,1381,1.5263041556145005
