Channel,Spend ($),Revenue ($),Conversions,Impressions,Clicks,ROAS,CPA,CTR
Paid Search,90077774.53,2518845733.95,4774259,3138701970,62287161,27.963010266323902,18.867383300738396,1.9844879059989249
Paid Social,232022581.68,1045102371.27,3121972,9379240734,188359301,4.504313173755562,74.31923850694369,2.00825745219645
OTT/OLV,193824446.71,884857076.08,3131237,9366506549,185489934,4.565250106989458,61.9002798925792,1.9803534330502712
Affiliate,96429976.89,446523659.66,1577462,4728084238,93838881,4.630548238846519,61.12982556156662,1.984712544793708
CTV,90408975.13,407736181.87,0,6262225645,0,4.50990823957148,inf,0.0
Display,76325982.15,352023337.89,1044343,3116886307,61814887,4.612103611037516,73.08516660713961,1.9832255947602004
Direct Mail,63657430.49,292728003.45,0,0,0,4.598489150390462,inf,
Radio,19283710.28,86725480.23,0,0,0,4.497344078019409,inf,
TV,9680060.83,44409604.08,0,0,0,4.587740186752525,inf,
